Assignment,w1_file1,w2_file1,Data Height_file1,w1_file2,w2_file2,Data Height_file2,w1_diff,w2_diff,Chemical_Shift_Difference,Intensity_Ratio
T2N-H,122.24,8.517,377924,122.098,8.519,1658692,0.1419999999999959,-0.002000000000000668,0.028470335438838024,0.2278445907980505
E3N-H,126.853,8.304,352773,126.709,8.314,1633204,0.14399999999999125,-0.009999999999999787,0.03048671841966424,0.21600057310660517
Y4N-H,121.801,8.757,257450,122.011,8.723,807546,-0.20999999999999375,0.03399999999999892,0.054037024344423534,0.3188053683629168
K5N-H,124.585,9.137,295339,123.78,9.121,1147323,0.8049999999999926,0.016000000000000014,0.16179307772583945,0.25741574081579466
L6N-H,126.845,9.562,221291,126.387,9.238,881104,0.4579999999999984,0.32399999999999984,0.3366995099491531,0.25115196389983474
V7N-H,120.256,7.892,350492,121.851,8.087,979850,-1.5949999999999989,-0.1949999999999994,0.3738796597837326,0.35769964790529163
V9N-H,121.127,9.211,265759,120.543,9.088,792661,0.583999999999989,0.12300000000000111,0.16962087135727064,0.33527447420776346
G10N-H,107.785,7.2,351724,107.293,7.758,427938,0.4919999999999902,-0.5579999999999998,0.566609706941206,0.8219041076043726
V14N-H,114.213,7.869,271678,111.924,7.429,2082485,2.2889999999999873,0.4399999999999995,0.6349652273943804,0.13045856272674233
V14N-H,114.213,7.869,271678,112.823,7.739,685652,1.3900000000000006,0.1299999999999999,0.30689411854905274,0.3962330745042675
G15N-H,110.595,8.893,254386,108.286,8.412,276163,2.3089999999999975,0.48099999999999987,0.666798500298253,0.9211443966063521
K16N-H,126.126,10.76,160529,122.301,9.029,138076,3.825000000000003,1.7309999999999999,1.892507859957258,1.1626133433761117
L19N-H,120.447,9.052,311213,120.066,8.776,1111855,0.3810000000000002,0.2759999999999998,0.28632575853387676,0.2799043040684262
T20N-H,116.977,7.738,250717,117.112,7.574,260090,-0.1349999999999909,0.1640000000000006,0.1662077013859469,0.963962474528048
L23N-H,120.753,7.68,302916,120.617,7.669,548331,0.13599999999999568,0.01100000000000012,0.029340074982861848,0.5524327459144203
I24N-H,114.177,8.073,238114,114.06,8.061,532428,0.11700000000000443,0.012000000000000455,0.02629752840097435,0.4472229108912379
Q25N-H,116.316,9.031,223002,116.401,8.921,402006,-0.08499999999999375,0.11000000000000121,0.11130588483993209,0.5547230638348681
N26N-H,116.046,8.007,295615,116.416,8.046,1217663,-0.36999999999999034,-0.0389999999999997,0.08364807230295083,0.24277242553974293
H27N-H,112.127,6.809,413072,112.843,6.812,775296,-0.7160000000000082,-0.0030000000000001137,0.14323142113377382,0.5327926366187882
F28N-H,122.098,8.393,153109,122.364,8.275,562254,-0.26600000000000534,0.11800000000000033,0.1294381705680368,0.27231286927260634
Y40N-H,121.482,9.099,210828,121.439,9.048,533227,0.043000000000006366,0.051000000000000156,0.05172001546790215,0.3953813291524998
K42N-H,121.989,8.646,306586,122.762,8.697,1133797,-0.7729999999999961,-0.05099999999999838,0.16279484021307186,0.2704064307808188
Q43N-H,128.855,8.807,226465,128.946,8.835,811182,-0.09100000000000819,-0.02800000000000047,0.03339520923725566,0.27917902517560794
V44N-H,121.789,9.097,325463,121.714,9.056,1506799,0.07500000000000284,0.04100000000000037,0.04365775990588669,0.21599629413080312
V45N-H,122.43,8.118,333008,122.465,8.114,1654446,-0.03499999999999659,0.0039999999999995595,0.00806225774829774,0.20128067038754968
I46N-H,126.063,8.358,329701,126.204,8.38,1164596,-0.14099999999999113,-0.02200000000000024,0.035766464740031416,0.2831033251015803
G48N-H,103.323,8.233,100938,103.289,8.233,487628,0.033999999999991815,0.0,0.006799999999998363,0.20699795745937477
E49N-H,122.617,7.718,413342,122.573,7.725,1919182,0.04400000000001114,-0.006999999999999673,0.011244554237498018,0.2153740499858794
T50N-H,125.417,8.967,131521,125.255,8.983,711818,0.16200000000000614,-0.016000000000000014,0.036135301299422974,0.1847677355728571
C51N-H,125.035,9.358,383537,125.126,9.355,1400712,-0.09100000000000819,0.0030000000000001137,0.018445595680271765,0.2738157451353312
L52N-H,123.209,8.838,295897,123.154,8.843,1182965,0.05500000000000682,-0.005000000000000782,0.012083045973596138,0.2501316607000207
L53N-H,124.1,9.086,250145,124.05,9.123,1085475,0.04999999999999716,-0.036999999999999034,0.03832753579347252,0.23044749994242153
T58N-H,110.26,6.855,544384,110.189,6.869,1714880,0.07100000000001216,-0.013999999999999346,0.01994091271732693,0.3174472849412204
G75N-H,111.177,8.038,233886,107.859,7.862,1057369,3.318000000000012,0.17600000000000016,0.6865427590470992,0.2211961954625112
G77N-H,100.884,7.202,300582,101.068,7.21,1363766,-0.1839999999999975,-0.008000000000000007,0.037659527347006935,0.22040584675083555
F78N-H,121.226,8.177,204807,121.043,8.18,660982,0.18299999999999272,-0.0030000000000001137,0.03672274499543701,0.30985261323303814
C80N-H,124.797,8.763,310662,124.946,8.78,1301787,-0.1490000000000009,-0.01699999999999946,0.034308016555901225,0.2386427272664422
V81N-H,126.384,9.003,323843,126.361,9.069,508134,0.022999999999996135,-0.06600000000000072,0.06616010882699702,0.6373181090027433
F82N-H,123.494,9.293,282034,123.799,9.335,748948,-0.3050000000000068,-0.04200000000000159,0.07406078584514413,0.37657354048612185
A83N-H,121.51,8.794,283162,121.546,8.788,966944,-0.036000000000001364,0.006000000000000227,0.00937229961108834,0.29284219148161633
I84N-H,113.625,8.492,252786,113.522,8.475,1078719,0.10299999999999443,0.017000000000001236,0.026708800047924208,0.23433906327783233
N85N-H,117.115,7.936,269440,117.062,7.95,2063661,0.05299999999999727,-0.014000000000000234,0.01756018223140053,0.13056408004996944
N86N-H,119.506,7.962,136438,119.082,7.871,1229972,0.4240000000000066,0.0909999999999993,0.12438665523278651,0.11092772843609448
K88N-H,124.177,8.415,344058,124.31,8.415,1331706,-0.13299999999999557,0.0,0.026599999999999114,0.2583588269482904
S89N-H,114.418,8.096,267660,114.34,7.972,1022018,0.07800000000000296,0.12399999999999967,0.12497743796381784,0.26189362613965705
F90N-H,124.512,7.442,244919,124.813,7.471,926783,-0.30100000000000193,-0.028999999999999915,0.06682095479712964,0.2642679030582132
E91N-H,121.814,8.469,323115,121.678,8.36,909228,0.13599999999999568,0.10899999999999999,0.11234251198900598,0.3553729097652074
D92N-H,117.152,8.529,253944,117.347,8.599,465432,-0.19499999999999318,-0.07000000000000028,0.0801311425102621,0.5456092404475842
I93N-H,120.664,7.642,445255,120.543,7.605,1044986,0.12099999999999511,0.03699999999999992,0.04421131076998223,0.4260870480561462
H94N-H,117.107,7.61,144776,117.273,7.611,585273,-0.16599999999999682,-0.0009999999999994458,0.03321505682668564,0.24736490492471036
H95N-H,117.4,7.239,287263,117.003,7.176,666625,0.39700000000000557,0.06299999999999972,0.10135758481731963,0.43092143258953686
Y96N-H,118.754,7.718,261769,118.939,7.821,700121,-0.18499999999998806,-0.10299999999999976,0.10944404963267658,0.37389108454110076
R97N-H,118.98,8.561,318166,118.587,8.517,1024312,0.3930000000000007,0.04400000000000048,0.09007752216840817,0.3106143440670421
K104N-H,116.841,8.015,229511,116.316,8.114,531013,0.5249999999999915,-0.0990000000000002,0.14431216164966723,0.4322135239626902
D105N-H,120.742,8.029,302944,120.926,7.962,1620832,-0.1839999999999975,0.06700000000000017,0.07644108842762501,0.18690647766085566
S106N-H,109.276,7.586,484794,109.341,7.613,1950228,-0.06499999999999773,-0.027000000000000135,0.02996664812754332,0.24858324257471434
D108N-H,120.948,8.384,278505,120.553,8.341,1298308,0.394999999999996,0.04300000000000104,0.08994442728707525,0.21451381336323894
V109N-H,121.569,7.557,408653,121.698,7.588,1619045,-0.12899999999999068,-0.030999999999999694,0.040331625308185695,0.2524037318295662
M111N-H,122.886,8.192,299485,122.925,8.297,1250012,-0.03900000000000148,-0.10500000000000043,0.10528931569727336,0.23958569997728021
V112N-H,118.001,8.061,288294,118.137,8.124,990838,-0.13599999999999568,-0.06300000000000061,0.06862098804301808,0.29095977344429663
L113N-H,128.861,8.946,264216,128.865,8.957,1324614,-0.004000000000019099,-0.011000000000001009,0.011029052543171073,0.19946641059206682
V114N-H,128.161,9.26,260042,128.0,9.216,880358,0.16100000000000136,0.04400000000000048,0.054523756290263604,0.29538210591600234
G115N-H,113.426,8.242,170919,113.429,8.229,858388,-0.0030000000000001137,0.013000000000001677,0.013013838787999629,0.19911625046016487
N116N-H,121.551,8.848,243763,121.49,8.838,1059733,0.06100000000000705,0.010000000000001563,0.01577466322937088,0.23002303410387334
K117N-H,112.104,7.33,395443,112.032,7.349,919861,0.07200000000000273,-0.019000000000000128,0.02384030201151027,0.4298942992473863
C118N-H,114.21,8.715,251333,113.999,8.666,920673,0.21099999999999852,0.04899999999999949,0.06466714776453285,0.27298834656821697
D119N-H,116.976,8.641,239754,116.808,8.597,763022,0.16799999999999216,0.04400000000000048,0.05536208088574649,0.31421636597634145
L120N-H,121.627,7.839,329696,121.601,7.832,1501097,0.02599999999999625,0.007000000000000561,0.00872009174263666,0.21963670568923926
S122N-H,113.113,7.242,263067,113.196,7.245,1176359,-0.08299999999999841,-0.0030000000000001137,0.016868906307167343,0.22362816113108328
R123N-H,120.256,7.892,350492,120.345,7.838,1145989,-0.08899999999999864,0.05400000000000027,0.056858068908467334,0.30584237719559265
T124N-H,114.138,9.031,146417,114.578,9.088,790903,-0.4399999999999977,-0.05699999999999861,0.10484750831564746,0.1851263682145598
V125N-H,124.179,7.593,293890,124.118,7.578,1220116,0.06100000000000705,0.01499999999999968,0.019334942461771767,0.240870540178147
D126N-H,128.427,8.581,421061,128.409,8.582,1900853,0.018000000000000682,-0.0010000000000012221,0.0037363083384543395,0.22151160557917945
T127N-H,121.422,8.697,215929,121.556,8.696,1025062,-0.13400000000000034,0.0009999999999994458,0.02681865022703422,0.21064969728660315
K128N-H,120.421,8.395,438176,120.445,8.406,2002446,-0.0239999999999867,-0.011000000000001009,0.01200166655094186,0.21882038267199216
Q129N-H,117.629,7.368,409555,117.538,7.352,1776795,0.09100000000000819,0.016000000000000014,0.024233035303074604,0.23050211194876166
A130N-H,122.372,7.145,390585,122.38,7.122,1623812,-0.007999999999995566,0.022999999999999687,0.02305558500667426,0.2405358502092607
Q131N-H,117.807,8.436,305722,117.889,8.419,1514126,-0.08199999999999363,0.01699999999999946,0.023621176939347028,0.2019131829187267
D132N-H,120.44,8.511,338478,120.408,8.495,1706633,0.031999999999996476,0.016000000000000014,0.017232527382830164,0.19833086551121418
L133N-H,123.587,7.566,406529,123.6,7.571,1727127,-0.012999999999991019,-0.004999999999999893,0.005635601121441225,0.2353787532706049
A134N-H,121.624,8.268,372505,121.568,8.262,1286878,0.055999999999997385,0.006000000000000227,0.01270590413941452,0.28946411392532934
R135N-H,118.244,8.51,373559,118.184,8.467,1500695,0.060000000000002274,0.04299999999999926,0.04464302857109884,0.24892399854733974
S136N-H,117.649,7.967,351787,117.632,7.967,1757523,0.016999999999995907,0.0,0.0033999999999991815,0.20016068068525988
Y137N-H,119.706,7.648,288588,119.695,7.68,2182245,0.01100000000000989,-0.03200000000000003,0.03207553584899262,0.13224362983991256
G138N-H,110.949,8.327,242994,110.852,8.325,1130379,0.0969999999999942,0.002000000000000668,0.019502820308867068,0.21496683855591797
I139N-H,113.132,8.073,256000,113.054,8.064,1461652,0.07800000000000296,0.009000000000000341,0.018009997223765044,0.1751442887910392
F141N-H,120.214,8.25,287723,120.184,8.243,1179471,0.030000000000001137,0.006999999999999673,0.009219544457292788,0.24394241147090517
I142N-H,129.963,8.428,254136,129.89,8.393,1180262,0.0730000000000075,0.03500000000000014,0.03792308004368914,0.2153216828127992
E143N-H,125.171,7.773,340288,125.207,7.779,1294154,-0.03599999999998715,-0.006000000000000227,0.009372299611086158,0.2629424318898678
T144N-H,112.199,8.817,246979,112.324,8.832,873448,-0.125,-0.015000000000000568,0.029154759474226796,0.2827632555114901
S145N-H,112.55,8.796,237569,112.366,8.712,638077,0.1839999999999975,0.08399999999999963,0.09170736066423404,0.3723202685569296
A146N-H,132.582,9.186,288608,132.317,9.176,1172044,0.26499999999998636,0.009999999999999787,0.05393514624064448,0.24624331509738542
K147N-H,116.247,7.058,229680,116.259,7.065,783155,-0.012000000000000455,-0.007000000000000561,0.007400000000000561,0.29327527756318994
T148N-H,106.373,7.707,257197,106.15,7.664,689128,0.22299999999999898,0.04300000000000015,0.06195288532425262,0.3732209400866022
R149N-H,119.649,7.827,643033,119.284,7.768,866800,0.3649999999999949,0.05900000000000016,0.09386160024205782,0.7418470235348408
Q150N-H,124.216,7.838,384861,124.168,7.818,1795621,0.04799999999998761,0.020000000000000462,0.02218467939817862,0.2143330914485852
G151N-H,115.346,8.9,165768,115.252,8.904,1024461,0.0940000000000083,-0.0039999999999995595,0.019220822042775875,0.16180996641160572
V152N-H,120.662,7.068,353998,120.579,7.057,1299804,0.08300000000001262,0.010999999999999233,0.019913814300632285,0.27234721542632584
D153N-H,117.119,7.977,324700,117.062,7.95,2063661,0.05700000000000216,0.027000000000000135,0.029308019380367843,0.15734173393789
D154N-H,116.288,7.995,333553,116.188,8.007,1615838,0.09999999999999432,-0.011999999999999567,0.023323807579380008,0.20642725322711805
A155N-H,124.796,8.612,478553,124.75,8.615,1912508,0.04600000000000648,-0.0030000000000001137,0.009676776322723624,0.2502227441662989
F156N-H,112.682,7.174,106026,112.977,7.253,1452582,-0.2950000000000017,-0.07899999999999974,0.09860020283954794,0.07299140427184145
Y157N-H,119.546,9.58,306849,119.457,9.479,980788,0.08900000000001285,0.10100000000000087,0.10255652100183715,0.31285965978376573
T158N-H,116.468,8.602,271518,116.481,8.59,1524398,-0.012999999999991019,0.012000000000000455,0.012278436382536728,0.1781149017513799
L159N-H,121.844,7.31,358316,121.901,7.33,1535703,-0.05700000000000216,-0.020000000000000462,0.02302086010556574,0.2333237611699658
V160N-H,119.571,7.702,295957,119.695,7.68,2182245,-0.12399999999999523,0.02200000000000024,0.033151772199988994,0.1356204275871866
R161N-H,118.96,8.193,255009,118.591,8.07,1283161,0.3689999999999998,0.12299999999999933,0.1434414166131938,0.19873499895960056
E162N-H,119.689,8.329,249024,119.467,8.309,1154421,0.2219999999999942,0.02000000000000135,0.04869661179178641,0.21571333161818781
I163N-H,122.819,8.368,312432,122.671,8.404,1119661,0.14799999999999613,-0.03599999999999959,0.04660643732361362,0.27904160277083867
R164N-H,119.227,8.568,305447,119.511,8.633,885357,-0.2839999999999918,-0.0649999999999995,0.08632056533642345,0.3449986841466211
K165N-H,117.34,7.778,381343,117.219,7.789,2467915,0.12100000000000932,-0.01100000000000012,0.026582701141909807,0.15452031370610414
H166N-H,118.464,7.858,291346,118.34,7.827,1409311,0.12399999999999523,0.030999999999999694,0.039699370272082826,0.20672938762274615
K167N-H,118.579,8.033,416668,118.656,8.05,1963720,-0.07700000000001239,-0.017000000000001236,0.02293817778290417,0.21218299961297946
E168N-H,119.255,7.902,296802,119.647,7.836,1930454,-0.3920000000000101,0.06599999999999984,0.10248199841923603,0.15374725323680336
K169N-H,126.573,7.58,1012900,126.551,7.57,4702926,0.02199999999999136,0.009999999999999787,0.01092520022699724,0.21537655493622482
